FECHA;Desc. General;Orientaciones;Observaciones;Horas
23 de Marzo de 2021;;;;0
24 de Marzo de 2021;;;;0
25 de Marzo de 2021;;;;0
26 de Marzo de 2021;;;;0
;;;;
29 de Marzo de 2021;;;;0
30 de Marzo de 2021;;;;0
31 de Marzo de 2021;;;;0
01 de Abril de 2021;;;;0
02 de Abril de 2021;;;;0
;;;;
05 de Abril de 2021;;;;0
06 de Abril de 2021;;;;0
07 de Abril de 2021;;;;0
08 de Abril de 2021;;;;0
09 de Abril de 2021;;;;0
;;;;
12 de Abril de 2021;;;;0
13 de Abril de 2021;;;;0
14 de Abril de 2021;;;;0
15 de Abril de 2021;;;;0
16 de Abril de 2021;;;;0
;;;;
19 de Abril de 2021;;;;0
20 de Abril de 2021;;;;0
21 de Abril de 2021;;;;0
22 de Abril de 2021;;;;0
23 de Abril de 2021;;;;0
;;;;
26 de Abril de 2021;;;;0
27 de Abril de 2021;;;;0
28 de Abril de 2021;;;;0
29 de Abril de 2021;;;;0
30 de Abril de 2021;;;;0
;;;;
03 de Mayo de 2021;;;;0
04 de Mayo de 2021;;;;0
05 de Mayo de 2021;;;;0
06 de Mayo de 2021;;;;0
07 de Mayo de 2021;;;;0
;;;;
10 de Mayo de 2021;;;;0
11 de Mayo de 2021;;;;0
12 de Mayo de 2021;;;;0
13 de Mayo de 2021;;;;0
14 de Mayo de 2021;;;;0
;;;;
17 de Mayo de 2021;;;;0
18 de Mayo de 2021;;;;0
19 de Mayo de 2021;;;;0
20 de Mayo de 2021;;;;0
21 de Mayo de 2021;;;;0
;;;;
24 de Mayo de 2021;;;;0
25 de Mayo de 2021;;;;0
26 de Mayo de 2021;;;;0
27 de Mayo de 2021;;;;0
28 de Mayo de 2021;;;;0
;;;;
31 de Mayo de 2021;;;;0
01 de Junio de 2021;;;;0
02 de Junio de 2021;;;;0
03 de Junio de 2021;;;;0
04 de Junio de 2021;;;;0
;;;;
07 de Junio de 2021;;;;0
08 de Junio de 2021;;;;0
09 de Junio de 2021;;;;0
10 de Junio de 2021;;;;0
11 de Junio de 2021;;;;0
